Epic,MPF IDs,Workstream,Goal,MVP Scope,Backend/API Decisions,Frontend Decisions,Acceptance Criteria,Dependencies/Risks,Priority
Geo & Location Truth,"MPF-009, MPF-010, MPF-019, MPF-027, MPF-040",Product/API spec,Make buyer browse location-aware without inventing data the backend cannot support.,"Define location request model: buyer location, radius miles, nationwide toggle, distance sort, and listing access label.",Add category-safe location params to feed/list APIs; support distance when seller/listing coordinates exist; fail gracefully to city/state labels.,"Add nearby/nationwide toggle, radius selector, distance sort, and card location/access label.",Nearby returns listings within radius; nationwide ignores radius; cards never show fake distance; no-results offers expand radius/nationwide.,Requires consistent seller/listing location data; coordinates may be missing for older seed records.,P0
Geo & Location Truth,"MPF-009, MPF-019",Data audit,Verify current data has enough location fields for geo UX.,"Audit dealer/seller/listing location fields, seed data, API DTOs, and marketplace card types.","Recommend whether distance is computed from dealer coordinates, listing coordinates, or seller city/state fallback.",Decide exact fallback copy when distance is unavailable.,Written mapping from available DB fields to card/detail location labels and radius filtering capability.,"If coordinates are absent, MVP may need city/state-only nearby filter or seed backfill.",P0
Search Intelligence,"MPF-001, MPF-005, MPF-024, MPF-030",Search spec,Upgrade browse from category-only filtering to useful keyword search and relevance.,"Define ListingQuery v1: keyword q, category slug, filters, sort=relevance, fallback sort, no-results relaxation.","Search title, make/model/category fields, seller name, generic schema searchable fields; return relevance sort only when q exists.",One search input per category feed; keep category filters; show active search chip; clear search easily.,Keyword search works across automotive/trailers/boats; relevance sort appears only for search; empty states suggest relaxed filters.,Full-text index may be later; MVP can use SQL contains with bounded result size.,P0
Search Intelligence,"MPF-004, MPF-073",Saved search alerts spec,Turn local saved searches into a credible account feature without building notifications yet.,Save named searches with filters/category; add alert-ready flag but no email/push delivery.,Define persistence model or defer server sync; clarify account requirement and category scope.,"Saved search manager: save, apply, rename/edit, remove; mark alerts as coming soon if backend not ready.",Users can save/apply/edit/remove searches per category; no misleading notification promise.,Auth/account readiness; local-only is insufficient for real alerts.,P0/P1
Search Intelligence,MPF-005,Autocomplete spec,Add useful suggestions without overbuilding a search service.,"Suggest recent search terms, popular make/model/category terms, and seller names from current category.",Add lightweight /suggest endpoint or compute suggestions from current feed metadata.,Combobox with keyboard support; no blocking dependency on suggestions.,Typing 2+ chars shows suggestions; selecting suggestion applies search; works empty/failure states.,Suggestion quality depends on seed/inventory volume.,P0
Advanced Filters & Results UX,"MPF-020, MPF-021, MPF-022, MPF-023",Filter model spec,Move filters toward schema-driven marketplace facets across categories.,"Add seller type, availability, fulfillment, and category feature facets only when backed by API fields.","Extend feed/list query with sellerType, availability, fulfillment, feature facets; return facet counts where cheap.",Responsive filter drawer; chips show applied filters; unsupported facets hidden by category.,Filters are category-safe; no empty fake controls; applied filters are visible and removable.,Some features may require categorySchema filter roles before full support.,P0
Advanced Filters & Results UX,"MPF-014, MPF-028, MPF-033",Value/payment spec,Add buyer value cues carefully without fake financing or untrusted pricing claims.,Define placeholder-safe value badges and payment estimate rules; likely defer monthly payment until auto-specific finance model exists.,Only expose value badges when backed by price history/market benchmark; otherwise skip.,Badge slot on cards/detail; never show Great Value unless source confidence is defined.,No unsupported finance claims; value badges are confidence-gated; payment estimate can remain deferred.,Market pricing data not consistently available yet.,P0/P1
Advanced Filters & Results UX,"MPF-032, MPF-038",Results layout spec,Improve browsing speed on dense inventory without replacing card UI.,Compact list view toggle and quick detail drawer for scan/review actions.,No new backend if card DTO has enough data; detail drawer may lazy-load detail endpoint.,Mobile-first card remains default; desktop can toggle compact list; quick drawer shows media/specs/actions.,Users can switch grid/list; quick drawer opens from result without losing scroll position.,Drawer should not duplicate full VDP complexity.,P0
Advanced Filters & Results UX,"MPF-007, MPF-011, MPF-012",Discovery polish spec,Finish partial discovery features without pretending to have ML recommendations.,"Featured/pinned carousel from editorial config, new-arrivals rail/sort, similar rail clearly heuristic.",Optional editorial feature flag/source; similar query can stay same-category heuristic.,"Label rails plainly: Featured, New arrivals, More like this.",Rails appear only when enough data exists; no fake personalization claims.,Editorial config needs owner; similar quality improves later.,P1
